{
    "sparsity_levels": [
        0.1,
        0.2,
        0.30000000000000004,
        0.4,
        0.5,
        0.6,
        0.7000000000000001,
        0.8,
        0.9
    ],
    "random_accuracies": [
        0.8372,
        0.8188,
        0.80428,
        0.78432,
        0.7272,
        0.52508,
        0.49696,
        0.4944,
        0.498
    ],
    "l1_norm_accuracies": [
        0.86012,
        0.858,
        0.85232,
        0.84476,
        0.83648,
        0.823,
        0.81132,
        0.73616,
        0.59016
    ]
}