{
    "fixed_point_widths": [
        4,
        6,
        8,
        10,
        12,
        14,
        16,
        18,
        20,
        22,
        24,
        26,
        28,
        30,
        32
    ],
    "ptq_accuracies": [
        0.5,
        0.6646,
        0.8236,
        0.8314,
        0.83424,
        0.83512,
        0.83548,
        0.83576,
        0.83564,
        0.83608,
        0.83592,
        0.83608,
        0.83604,
        0.83588,
        0.83584
    ],
    "qat_accuracies": [
        0.5,
        0.8312,
        0.84204,
        0.84172,
        0.84212,
        0.84184,
        0.84176,
        0.84184,
        0.8424,
        0.8424,
        0.84252,
        0.84244,
        0.84244,
        0.84252,
        0.84252
    ]
}